INSERT INTO `Chef` (`personID`,`firstName`,`lastName`,`streetAddress`,`city`,`state`,`zip`,`phone`,`email`,`chefID`,`specialty`,`salary`) VALUES 
    (1,"Gil","House","P.O. Box 168, 7953 Etiam Av.","Hualqui","Biobío","78688","1-517-879-6575","eu.odio.Phasellus@lacusQuisqueimperdiet.com",1,"cursus et, eros. Proin ultrices. Duis volutpat nunc sit amet",98274),
    (2,"Oren","Lane","837-7707 Enim. Street","Avennes","Luik","5328","1-527-959-7502","nibh.vulputate.mauris@egetipsumDonec.net",2,"risus. In mi pede, nonummy ut, molestie in, tempus eu,",54023),
    (3,"Victor","Flynn","401 Ut Street","Vienna","Vienna","2387","1-957-553-8334","eu@feugiatSednec.ca",3,"tempus risus. Donec egestas. Duis ac arcu. Nunc mauris. Morbi",36205),
    (4,"Hall","Brooks","Ap #602-5263 Pede Rd.","Brechin","AN","8713","1-784-374-9551","malesuada.ut.sem@sapienNuncpulvinar.edu",4,"fringilla cursus purus. Nullam scelerisque neque sed sem egestas blandit.",24432),
    (5,"Craig","Gibson","Ap #332-9336 Ut, Ave","Gboko","Benue","100314","1-986-428-1688","mauris@Maecenas.co.uk",5,"ullamcorper eu, euismod ac, fermentum vel, mauris. Integer sem elit,",96583),
    (6,"Odysseus","Mckenzie","3611 Netus Av.","Novo Hamburgo","Rio Grande do Sul","09676","1-469-514-7481","id.nunc@etultrices.com",6,"Quisque imperdiet, erat nonummy ultricies ornare, elit elit fermentum risus,",79337),
    (7,"Jason","Wall","P.O. Box 375, 858 Erat, Avenue","Saint-Dizier","Champagne-Ardenne","82364-613","1-790-105-7950","sem@porttitorscelerisqueneque.ca",7,"non sapien molestie orci tincidunt adipiscing. Mauris molestie pharetra nibh.",55777),
    (8,"Ivor","Kim","Ap #789-4151 Eget, Road","Windsor","Ontario","M1X 2C6","1-134-994-8601","mi@quisdiam.co.uk",8,"commodo tincidunt nibh. Phasellus nulla. Integer vulputate, risus a ultricies",22152),
    (9,"Armand","Dawson","707-2538 Luctus Road","West Valley City","UT","SG1 2PC","1-153-787-3150","Maecenas.iaculis.aliquet@vulputatemauris.org",9,"Nulla facilisi. Sed neque. Sed eget lacus. Mauris non dui",85143),
    (10,"Kirk","Bird","P.O. Box 790, 1631 Mauris Avenue","Husum","Saarland","11-896","1-132-171-8173","odio.semper.cursus@nec.net",10,"imperdiet non, vestibulum nec, euismod in, dolor. Fusce feugiat. Lorem",47008),
    (11,"Ali","Mejia","P.O. Box 335, 2617 Cursus Rd.","Puntarenas","Puntarenas","0617","1-130-479-2416","lacus.Mauris@Cum.ca",11,"interdum. Nunc sollicitudin commodo ipsum. Suspendisse non leo. Vivamus nibh",25227),
    (12,"Raphael","Sharpe","9488 Iaculis Avenue","Bauchi","Bauchi","8050","1-336-673-9183","Quisque.porttitor.eros@nuncid.org",12,"nulla. Integer vulputate, risus a ultricies adipiscing, enim mi tempor",72771),
    (13,"Carlos","Henson","4325 Aliquet Rd.","Fontanellato","Emilia-Romagna","21517","1-848-626-8715","Ut.nec@non.edu",13,"lorem ut aliquam iaculis, lacus pede sagittis augue, eu tempor",73069),
    (14,"Merritt","Mayer","P.O. Box 728, 7166 Consequat Rd.","Senneville","Quebec","76354","1-675-702-9249","a@euplacerateget.org",14,"Mauris molestie pharetra nibh. Aliquam ornare, libero at auctor ullamcorper,",94511),
    (15,"Ronan","Horne","6843 Orci Av.","Gap","PR","66970","1-875-513-2367","varius@malesuadafamesac.org",15,"ipsum dolor sit amet, consectetuer adipiscing elit. Aliquam auctor, velit",89757);

INSERT INTO `Student` (`personID`,`firstName`,`lastName`,`streetAddress`,`city`,`state`,`zip`,`phone`,`email`,`studentID`,`major`,`expectedGrad`) VALUES 
    (16,"Donovan","Ryan","1983 Eget Rd.","San Joaquín","Metropolitana de Santiago","445214","1-163-265-6478","Donec@odio.com",1,"purus.","2019-02-26 07:37:19"),
    (17,"Driscoll","West","P.O. Box 878, 2270 Aliquam Av.","Bloomington","Minnesota","621252","1-263-412-9992","luctus.lobortis.Class@atauctorullamcorper.net",2,"bibendum.","2020-09-01 18:26:08"),
    (18,"Brendan","Cleveland","Ap #467-9990 Rutrum Rd.","Wagga Wagga","NSW","4650","1-398-688-0799","libero@sapien.ca",3,"diam","2020-08-14 05:26:47"),
    (19,"Calvin","Buck","Ap #931-5564 Non, Street","StrŽe","HE","754391","1-689-395-4756","eu@Cras.co.uk",4,"eget","2019-08-12 23:57:29"),
    (20,"Leroy","Hart","1036 Bibendum St.","Pukekohe","NI","50469","1-247-114-5178","nec@liberoProinsed.org",5,"at","2019-12-20 23:58:03"),
    (21,"Griffin","Sloan","P.O. Box 480, 8482 At Avenue","Neder-Over-Heembeek","Brussels Hoofdstedelijk Gewest","3484","1-490-565-4579","Phasellus.at.augue@ultriciesligula.org",6,"semper","2020-01-07 10:09:56"),
    (22,"Branden","Kirk","P.O. Box 376, 9206 Mollis St.","Wilmington","Delaware","13-821","1-412-155-5602","Fusce@dictum.com",7,"dictum","2020-08-22 01:01:53"),
    (23,"Troy","Graves","310-8765 Dui. Ave","Betim","MG","T0N 0H7","1-641-613-4409","dictum.augue.malesuada@tristiquesenectus.ca",8,"Morbi","2018-12-06 00:27:15"),
    (24,"Duncan","Terry","P.O. Box 798, 8805 Est. Road","Makurdi","Benue","F0 0HF","1-551-718-9286","porttitor@nonquamPellentesque.org",9,"amet","2019-09-07 02:44:57"),
    (25,"Kennedy","Higgins","P.O. Box 636, 1160 Nam Street","Lanark County","Ontario","44405","1-432-434-9078","aliquet.Proin@at.edu",10,"semper,","2020-03-15 09:04:50"),
    (26,"Reed","Joyner","1780 Nulla. Ave","Houdemont","LX","410666","1-323-837-3490","scelerisque.lorem.ipsum@Duis.com",11,"lectus","2020-09-04 02:14:06"),
    (27,"Owen","Casey","Ap #298-9778 Arcu. Ave","Gold Coast","Queensland","70906","1-577-994-1597","justo@Nunccommodoauctor.net",12,"congue","2020-01-22 11:43:48"),
    (28,"Austin","Vincent","Ap #279-1116 Scelerisque St.","Christchurch","SI","827099","1-254-714-6920","convallis@malesuada.com",13,"enim.","2020-08-30 20:13:12"),
    (29,"Fritz","Nielsen","P.O. Box 271, 5583 Donec St.","Villers-la-Loue","LX","22025-513","1-636-109-4660","imperdiet.ullamcorper@amet.com",14,"Integer","2020-03-13 01:05:33"),
    (30,"Chase","Downs","1470 Natoque Av.","Waarmaarde","West-Vlaanderen","83986","1-527-299-4179","aliquet@Duissitamet.net",15,"dui.","2019-01-24 04:15:23"),
    (31,"Quinlan","Mason","Ap #876-3656 Lacinia Rd.","Bauchi","Bauchi","451902","1-568-860-8112","id.magna@blanditmattis.com",16,"pellentesque.","2020-02-09 04:24:31"),
    (32,"Keane","Phelps","590-3174 Turpis. Road","Juiz de Fora","MG","31474684","1-693-437-7799","nulla.ante@necmollis.ca",17,"nec","2020-10-29 21:34:13"),
    (33,"Amos","Boyd","P.O. Box 168, 4514 Nulla Road","Ribeirão Preto","São Paulo","9756","1-613-849-3730","ante.dictum.mi@PhasellusnullaInteger.com",18,"sit","2018-11-07 16:34:35"),
    (34,"Zeus","Cain","3942 Risus Avenue","Evere","BU","HL9 2NE","1-321-860-6161","Morbi.accumsan.laoreet@malesuadafringilla.com",19,"sit","2019-07-16 04:53:54"),
    (35,"Emmanuel","Herring","P.O. Box 682, 4255 Ut Av.","Freital","Saxony","8133","1-979-736-1597","sagittis.Nullam.vitae@liberoMorbi.edu",20,"convallis","2018-12-26 02:54:14"),
    (36,"Mark","Britt","Ap #718-4976 Euismod Av.","North Las Vegas","Nevada","590637","1-354-140-7562","non.vestibulum@magnaa.edu",21,"lorem,","2020-10-14 12:06:40"),
    (37,"Abdul","Flores","640-1374 Natoque St.","Malahide","ON","6500","1-568-483-9873","fermentum@incursuset.co.uk",22,"Nunc","2019-08-14 20:52:15"),
    (38,"Wade","Saunders","Ap #954-9842 Eu Avenue","Timaru","South Island","7377","1-476-726-7554","ut@esttempor.com",23,"lobortis","2018-12-21 23:24:35"),
    (39,"Talon","Wallace","P.O. Box 707, 2206 Nec St.","Katowice","Sląskie","33269","1-371-412-9278","velit.justo@convallisincursus.org",24,"in,","2020-04-08 01:14:35"),
    (40,"Warren","Wynn","P.O. Box 199, 6490 Lectus Rd.","Istanbul","Ist","5781","1-999-956-0473","id.mollis@Maecenasiaculisaliquet.co.uk",25,"Integer","2020-07-05 19:36:23"),
    (41,"Ali","Osborne","Ap #902-8979 Nulla St.","Pudukkottai","Tamil Nadu","2474 DQ","1-725-946-5667","mauris@ante.org",26,"natoque","2018-12-19 02:18:01"),
    (42,"Philip","Vincent","P.O. Box 765, 5919 Libero. Street","Roosendaal","Noord Brabant","4866 MQ","1-491-266-8829","scelerisque@nectellusNunc.org",27,"dis","2020-01-14 18:23:34"),
    (43,"Levi","Vaughan","Ap #651-4396 Erat Street","Carmen","C","33079","1-824-825-9790","nisl@DonecegestasDuis.ca",28,"ante","2019-02-14 02:23:24"),
    (44,"Tyrone","Larsen","930-5389 Massa. Rd.","Sint-Martens-Bodegem","Vlaams-Brabant","89-450","1-104-179-5199","at.velit@atrisus.edu",29,"Morbi","2020-01-18 17:08:14"),
    (45,"August","Hess","204-2408 Ante Rd.","Belfast","U","382684","1-766-641-6670","et.magnis@idblanditat.com",30,"Cras","2019-10-25 22:57:43");

INSERT INTO `Recipe` (`recipeID`,`name`,`pubDate`,`category`,`cuisine`,`numberServed`,`instructions`,`specialTools`) VALUES 
    (1,"arcu iaculis enim,","2020-07-04 23:57:43","eu odio","vitae",15,"Lorem ipsum dolor sit amet, consectetuer adipiscing elit. Curabitur sed tortor. Integer aliquam adipiscing lacus. Ut nec urna et arcu imperdiet ullamcorper. Duis at lacus. Quisque purus sapien, gravida non, sollicitudin a, malesuada id, erat. Etiam vestibulum","vel arcu. Curabitur"),
    (2,"gravida. Aliquam tincidunt,", NULL,"faucibus id,","magnis",58,"Lorem ipsum dolor sit amet, consectetuer adipiscing elit. Curabitur sed tortor. Integer aliquam adipiscing lacus. Ut nec urna et arcu imperdiet ullamcorper. Duis at lacus. Quisque purus sapien, gravida non, sollicitudin a, malesuada id, erat. Etiam vestibulum massa rutrum magna. Cras convallis convallis dolor. Quisque tincidunt pede ac urna. Ut tincidunt vehicula risus. Nulla eget","amet, consectetuer"),
    (3,"Ut tincidunt vehicula","2020-09-14 03:17:27","nisi. Aenean","vestibulum,",1,"Lorem ipsum dolor sit amet, consectetuer adipiscing elit. Curabitur sed tortor.","nunc interdum feugiat. Sed"),
    (4,"tincidunt adipiscing. Mauris", NULL,"elementum, lorem","nisi.",30,"Lorem ipsum dolor sit amet, consectetuer adipiscing elit. Curabitur sed tortor. Integer aliquam adipiscing lacus. Ut nec urna et arcu imperdiet ullamcorper.","augue scelerisque mollis. Phasellus libero mauris, aliquam"),
    (5,"aliquam iaculis, lacus","2019-09-15 06:06:30","ornare. Fusce","metus.",92,"Lorem ipsum dolor sit amet, consectetuer adipiscing elit. Curabitur sed tortor. Integer aliquam adipiscing lacus. Ut nec urna et arcu imperdiet ullamcorper. Duis at lacus. Quisque purus sapien, gravida non, sollicitudin a, malesuada id, erat. Etiam vestibulum massa rutrum magna. Cras convallis convallis dolor. Quisque tincidunt pede ac urna. Ut tincidunt vehicula risus. Nulla eget","urna et arcu imperdiet"),
    (6,"massa lobortis ultrices.","2018-11-18 17:52:58","Lorem ipsum","non",49,"Lorem ipsum dolor sit amet, consectetuer adipiscing elit. Curabitur sed tortor. Integer aliquam adipiscing lacus. Ut nec urna et arcu imperdiet ullamcorper. Duis at lacus. Quisque purus sapien, gravida non, sollicitudin a, malesuada id, erat. Etiam vestibulum massa rutrum magna. Cras convallis convallis dolor. Quisque tincidunt pede ac urna. Ut tincidunt vehicula risus. Nulla eget metus eu erat semper rutrum. Fusce dolor quam, elementum at, egestas a, scelerisque sed, sapien. Nunc pulvinar arcu et pede. Nunc sed orci lobortis augue scelerisque mollis. Phasellus libero mauris,","lorem, sit amet ultricies sem magna nec quam. Curabitur"),
    (7,"ipsum primis in", NULL, "ac facilisis","lobortis.",64,"Lorem ipsum dolor sit amet, consectetuer adipiscing elit. Curabitur sed tortor. Integer aliquam adipiscing lacus. Ut nec urna et arcu imperdiet ullamcorper. Duis at lacus. Quisque purus sapien, gravida non, sollicitudin a, malesuada id, erat. Etiam vestibulum massa rutrum magna. Cras convallis convallis dolor. Quisque tincidunt pede ac urna. Ut tincidunt vehicula risus. Nulla eget metus eu erat semper rutrum.","molestie. Sed id risus quis diam luctus"),
    (8,"purus. Maecenas libero","2019-05-03 08:00:04","sit amet,","urna,",32,"Lorem ipsum dolor sit amet, consectetuer adipiscing elit. Curabitur sed tortor. Integer aliquam adipiscing lacus. Ut nec urna et arcu imperdiet ullamcorper. Duis at lacus. Quisque purus sapien, gravida non, sollicitudin a, malesuada id, erat. Etiam vestibulum massa rutrum magna. Cras convallis convallis dolor. Quisque tincidunt pede ac urna. Ut tincidunt vehicula risus. Nulla eget metus eu erat semper rutrum. Fusce dolor quam, elementum at, egestas a, scelerisque sed, sapien. Nunc pulvinar arcu et pede. Nunc sed orci lobortis augue scelerisque mollis. Phasellus libero mauris, aliquam eu, accumsan sed, facilisis vitae, orci.","neque sed dictum"),
    (9,"a mi fringilla","2019-12-14 02:01:17","ipsum. Suspendisse","sit",26,"Lorem ipsum dolor sit amet, consectetuer adipiscing elit. Curabitur sed tortor. Integer aliquam adipiscing lacus. Ut nec urna et arcu imperdiet ullamcorper. Duis at lacus. Quisque purus sapien, gravida non, sollicitudin a, malesuada id, erat. Etiam vestibulum massa rutrum magna. Cras convallis convallis dolor. Quisque tincidunt pede ac urna. Ut tincidunt vehicula","Nunc ac sem ut dolor dapibus gravida. Aliquam tincidunt, nunc"),
    (10,"purus ac tellus.","2019-08-06 13:05:19","orci, consectetuer","tortor.",21,"Lorem ipsum dolor sit amet, consectetuer adipiscing elit. Curabitur sed tortor. Integer aliquam adipiscing lacus. Ut nec urna et arcu imperdiet ullamcorper. Duis at lacus. Quisque purus sapien,","ultrices iaculis odio. Nam interdum"),
    (11,"id, blandit at,", NULL,"vitae dolor.","ante.",53,"Lorem ipsum dolor sit amet, consectetuer adipiscing elit. Curabitur sed tortor. Integer aliquam adipiscing lacus. Ut nec urna et arcu imperdiet ullamcorper. Duis at lacus. Quisque purus sapien, gravida non, sollicitudin a, malesuada id, erat. Etiam vestibulum massa rutrum magna. Cras convallis convallis dolor. Quisque tincidunt pede ac urna. Ut tincidunt vehicula risus. Nulla eget metus eu erat semper rutrum. Fusce dolor quam, elementum at, egestas a, scelerisque sed, sapien. Nunc pulvinar arcu et pede.","vel sapien imperdiet ornare. In faucibus. Morbi vehicula. Pellentesque"),
    (12,"justo. Proin non","2019-11-11 11:26:19","Duis sit","lorem",53,"Lorem ipsum dolor sit amet, consectetuer adipiscing elit. Curabitur sed tortor. Integer aliquam adipiscing lacus. Ut","sollicitudin adipiscing ligula. Aenean gravida nunc sed pede. Cum"),
    (13,"dui. Cum sociis","2019-02-17 13:20:05","malesuada fames","bibendum.",3,"Lorem ipsum dolor sit amet, consectetuer adipiscing elit. Curabitur sed tortor. Integer aliquam adipiscing lacus. Ut nec urna et arcu imperdiet ullamcorper. Duis at lacus. Quisque purus sapien, gravida non, sollicitudin a, malesuada id, erat. Etiam vestibulum massa rutrum magna. Cras convallis convallis dolor. Quisque tincidunt pede ac urna. Ut tincidunt vehicula risus. Nulla eget metus eu erat semper rutrum. Fusce dolor quam, elementum at, egestas a, scelerisque sed, sapien. Nunc pulvinar arcu et pede. Nunc sed orci","tellus. Aenean egestas hendrerit"),
    (14,"sapien imperdiet ornare.","2019-05-12 03:37:55","pede. Suspendisse","sapien,",31,"Lorem ipsum dolor sit amet, consectetuer adipiscing elit. Curabitur sed tortor. Integer aliquam adipiscing lacus. Ut nec urna et arcu imperdiet ullamcorper. Duis at lacus. Quisque purus sapien, gravida non, sollicitudin a, malesuada id, erat. Etiam vestibulum massa rutrum magna. Cras convallis convallis dolor. Quisque tincidunt pede ac urna. Ut tincidunt","feugiat placerat velit. Quisque varius. Nam porttitor scelerisque"),
    (15,"lacinia vitae, sodales","2019-08-18 12:55:27","placerat eget,","Suspendisse",90,"Lorem ipsum dolor sit amet, consectetuer adipiscing elit. Curabitur sed tortor. Integer aliquam adipiscing lacus. Ut nec urna et arcu imperdiet ullamcorper. Duis at lacus. Quisque purus sapien, gravida non, sollicitudin a, malesuada id, erat. Etiam vestibulum massa rutrum magna. Cras convallis convallis dolor. Quisque tincidunt pede ac urna. Ut tincidunt","Aliquam gravida mauris ut mi. Duis"),
    (16,"malesuada ut, sem.", NULL,"eu, accumsan","ut,",17,"Lorem ipsum dolor sit amet, consectetuer adipiscing elit. Curabitur sed tortor. Integer aliquam adipiscing lacus. Ut nec urna et arcu imperdiet ullamcorper. Duis at lacus. Quisque purus sapien, gravida non, sollicitudin a, malesuada id, erat. Etiam vestibulum massa rutrum magna. Cras convallis convallis dolor. Quisque tincidunt pede ac urna. Ut","eu arcu. Morbi sit"),
    (17,"Duis risus odio,","2019-12-08 03:16:37","vestibulum. Mauris","luctus",9,"Lorem ipsum dolor sit amet, consectetuer adipiscing elit. Curabitur sed tortor. Integer aliquam adipiscing lacus. Ut nec urna et arcu imperdiet ullamcorper. Duis at lacus. Quisque purus sapien, gravida non, sollicitudin a, malesuada id, erat. Etiam vestibulum massa rutrum magna. Cras convallis convallis dolor. Quisque tincidunt pede ac urna. Ut tincidunt vehicula risus. Nulla eget metus eu erat semper rutrum. Fusce dolor quam, elementum at, egestas a, scelerisque sed, sapien. Nunc pulvinar arcu et pede. Nunc sed orci lobortis augue scelerisque mollis. Phasellus libero mauris, aliquam eu, accumsan sed, facilisis vitae, orci. Phasellus dapibus quam quis diam. Pellentesque habitant","tortor. Integer aliquam adipiscing lacus. Ut"),
    (18,"Fusce mollis. Duis","2020-02-11 01:27:26","mi. Aliquam","eget,",92,"Lorem ipsum dolor sit amet, consectetuer adipiscing elit. Curabitur sed tortor. Integer aliquam adipiscing lacus. Ut nec urna et arcu imperdiet","sollicitudin adipiscing ligula. Aenean gravida nunc"),
    (19,"In condimentum. Donec", NULL,"nascetur ridiculus","ultrices",56,"Lorem ipsum dolor sit amet, consectetuer adipiscing elit. Curabitur sed tortor. Integer aliquam adipiscing lacus. Ut nec urna et arcu imperdiet ullamcorper. Duis at lacus. Quisque purus sapien, gravida non, sollicitudin a, malesuada id, erat. Etiam vestibulum massa rutrum magna. Cras convallis convallis dolor. Quisque tincidunt pede ac urna.","et ultrices posuere cubilia Curae; Phasellus ornare. Fusce"),
    (20,"varius orci, in", NULL,"diam. Duis","mollis.",6,"Lorem ipsum dolor sit amet, consectetuer adipiscing elit. Curabitur sed tortor. Integer aliquam adipiscing lacus. Ut nec urna et arcu imperdiet ullamcorper. Duis at lacus. Quisque purus sapien, gravida non, sollicitudin a, malesuada id, erat. Etiam vestibulum massa rutrum magna. Cras convallis convallis dolor. Quisque tincidunt pede ac urna. Ut tincidunt vehicula risus. Nulla eget metus eu erat semper rutrum. Fusce dolor quam, elementum at, egestas a, scelerisque sed, sapien. Nunc pulvinar arcu et pede. Nunc sed orci lobortis augue scelerisque mollis. Phasellus libero mauris, aliquam eu, accumsan sed, facilisis vitae, orci. Phasellus dapibus quam","velit. Quisque");

INSERT INTO `Ingredient` (`name`) VALUES 
    ("nunc sit amet"),
    ("luctus ut, pellentesque"),
    ("lobortis quis, pede."),
    ("Curabitur consequat, lectus"),
    ("aliquam arcu. Aliquam"),
    ("et, rutrum non,"),
    ("Nullam feugiat placerat"),
    ("Quisque ac libero"),
    ("pellentesque massa lobortis"),
    ("massa. Quisque porttitor"),
    ("arcu et pede."),
    ("id magna et"),
    ("libero nec ligula"),
    ("vulputate, nisi sem"),
    ("Quisque fringilla euismod"),
    ("lorem semper auctor."),
    ("Nunc lectus pede,"),
    ("vitae, orci. Phasellus"),
    ("aliquet lobortis, nisi"),
    ("massa. Vestibulum accumsan"),
    ("Integer sem elit,"),
    ("eu erat semper"),
    ("ligula. Aenean euismod"),
    ("eu lacus. Quisque"),
    ("accumsan laoreet ipsum."),
    ("Quisque tincidunt pede"),
    ("dictum. Phasellus in"),
    ("eu, ultrices sit"),
    ("vitae diam. Proin"),
    ("cursus, diam at");

INSERT INTO `RecipeIngredient` (`recipeID`,`ingredientName`,`units`) VALUES (10,"Cras eget nisi dictum","9 grams"),(12,"Lorem ipsum dolor sit amet,","3 grams"),(19,"odio. Phasellus","5 grams"),(20,"Duis dignissim tempor arcu. Vestibulum","5 grams"),(17,"in consectetuer ipsum nunc","2 grams");
INSERT INTO `RecipeIngredient` (`recipeID`,`ingredientName`,`units`) VALUES (4,"ante lectus convallis est, vitae","7 grams"),(17,"ac sem ut dolor dapibus","1 grams"),(17,"ipsum ac mi eleifend egestas.","4 grams"),(18,"nisi a odio","6 grams"),(3,"eget,","9 grams");
INSERT INTO `RecipeIngredient` (`recipeID`,`ingredientName`,`units`) VALUES (8,"Donec","2 grams"),(2,"Integer in magna. Phasellus","2 grams"),(18,"Donec dignissim","7 grams"),(13,"Mauris eu turpis. Nulla aliquet.","7 grams"),(12,"vel est tempor bibendum.","6 grams");
INSERT INTO `RecipeIngredient` (`recipeID`,`ingredientName`,`units`) VALUES (13,"molestie pharetra nibh. Aliquam","6 grams"),(10,"pharetra. Quisque ac libero","4 grams"),(19,"Sed","3 grams"),(12,"vitae,","1 grams"),(2,"tellus sem mollis dui, in","5 grams");
INSERT INTO `RecipeIngredient` (`recipeID`,`ingredientName`,`units`) VALUES (12,"mauris erat","10 grams"),(5,"Donec non justo. Proin","7 grams"),(5,"non dui nec urna","9 grams"),(19,"risus. Morbi metus.","1 grams"),(13,"Donec fringilla. Donec feugiat","8 grams");
INSERT INTO `RecipeIngredient` (`recipeID`,`ingredientName`,`units`) VALUES (17,"ut, nulla. Cras eu","3 grams"),(16,"enim consequat purus.","6 grams"),(11,"feugiat nec, diam. Duis","6 grams"),(15,"massa. Integer vitae nibh. Donec","4 grams"),(4,"vestibulum massa rutrum","9 grams");
INSERT INTO `RecipeIngredient` (`recipeID`,`ingredientName`,`units`) VALUES (5,"aliquam","4 grams"),(20,"rutrum eu, ultrices sit","4 grams"),(9,"purus, in molestie","8 grams"),(17,"nostra, per inceptos hymenaeos.","4 grams"),(4,"in faucibus orci luctus et","1 grams");
INSERT INTO `RecipeIngredient` (`recipeID`,`ingredientName`,`units`) VALUES (13,"neque. Morbi quis urna. Nunc","10 grams"),(3,"dolor. Nulla semper tellus id","6 grams"),(9,"parturient montes, nascetur","10 grams"),(5,"sem elit, pharetra ut, pharetra","3 grams"),(18,"mattis","3 grams");
INSERT INTO `RecipeIngredient` (`recipeID`,`ingredientName`,`units`) VALUES (10,"vulputate, lacus. Cras interdum.","9 grams"),(12,"lorem,","7 grams"),(5,"lectus ante dictum mi, ac","4 grams"),(15,"Aenean euismod mauris","6 grams"),(11,"fringilla","8 grams");
INSERT INTO `RecipeIngredient` (`recipeID`,`ingredientName`,`units`) VALUES (8,"tincidunt dui","9 grams"),(18,"non","7 grams"),(3,"elit,","2 grams"),(10,"mauris erat eget ipsum. Suspendisse","1 grams"),(15,"consequat, lectus","9 grams");
INSERT INTO `RecipeIngredient` (`recipeID`,`ingredientName`,`units`) VALUES (8,"amet diam eu dolor","6 grams"),(18,"in sodales","4 grams"),(19,"Integer aliquam adipiscing","1 grams"),(20,"ac turpis egestas. Aliquam","2 grams"),(10,"natoque","3 grams");
INSERT INTO `RecipeIngredient` (`recipeID`,`ingredientName`,`units`) VALUES (7,"Sed diam","8 grams"),(17,"orci. Donec","6 grams"),(6,"non leo. Vivamus","8 grams"),(15,"nec luctus felis purus ac","9 grams"),(8,"auctor, velit eget laoreet","4 grams");
INSERT INTO `RecipeIngredient` (`recipeID`,`ingredientName`,`units`) VALUES (8,"Nam tempor diam dictum sapien.","10 grams"),(7,"rutrum","3 grams"),(1,"sed libero.","9 grams"),(4,"magna. Cras convallis","8 grams"),(14,"ornare placerat, orci","10 grams");
INSERT INTO `RecipeIngredient` (`recipeID`,`ingredientName`,`units`) VALUES (3,"amet","10 grams"),(5,"sem","7 grams"),(19,"luctus et ultrices","4 grams"),(20,"auctor odio a","2 grams"),(3,"eu nulla at","4 grams");
INSERT INTO `RecipeIngredient` (`recipeID`,`ingredientName`,`units`) VALUES (7,"Proin sed turpis nec mauris","7 grams"),(13,"ac risus.","9 grams"),(9,"Mauris ut","2 grams"),(18,"sollicitudin adipiscing ligula. Aenean","2 grams"),(17,"ut","2 grams");
INSERT INTO `RecipeIngredient` (`recipeID`,`ingredientName`,`units`) VALUES (16,"Aenean","9 grams"),(13,"Duis","10 grams"),(5,"Quisque imperdiet, erat nonummy ultricies","6 grams"),(7,"eu arcu. Morbi sit","10 grams"),(17,"Fusce aliquet magna","2 grams");
INSERT INTO `RecipeIngredient` (`recipeID`,`ingredientName`,`units`) VALUES (10,"morbi tristique senectus et netus","8 grams"),(2,"orci luctus","6 grams"),(2,"ut odio vel est","7 grams"),(9,"arcu. Sed et libero. Proin","3 grams"),(11,"erat eget","10 grams");
INSERT INTO `RecipeIngredient` (`recipeID`,`ingredientName`,`units`) VALUES (15,"nisi dictum augue malesuada","10 grams"),(13,"diam","1 grams"),(16,"consectetuer","3 grams"),(16,"pharetra, felis","2 grams"),(10,"sagittis. Nullam vitae diam.","10 grams");
INSERT INTO `RecipeIngredient` (`recipeID`,`ingredientName`,`units`) VALUES (14,"enim. Curabitur massa. Vestibulum accumsan","9 grams"),(6,"Nulla","7 grams"),(10,"Integer id magna et ipsum","7 grams"),(14,"nec, diam. Duis mi enim,","5 grams"),(16,"metus. Vivamus","3 grams");
INSERT INTO `RecipeIngredient` (`recipeID`,`ingredientName`,`units`) VALUES (12,"vel quam dignissim","1 grams"),(10,"id","1 grams"),(18,"Sed nec metus","1 grams"),(5,"velit. Cras lorem lorem, luctus","4 grams"),(16,"quam a felis","8 grams");

INSERT INTO `RecipeChef` (`recipeID`, `chefID`) VALUES
    (1, 1),
    (2, 2),
    (3, 3),
    (4, 4),
    (5, 5),
    (6, 6),
    (7, 7),
    (8, 8),
    (9, 9),
    (10, 10),
    (11, 1),
    (12, 2),
    (13, 3),
    (14, 4),
    (15, 5),
    (16, 6),
    (17, 7),
    (18, 8),
    (19, 9),
    (20, 10);


INSERT INTO `RecipeStudent` (`recipeID`, `studentID`) VALUES
    (1, 1),
    (2, 2),
    (3, 3),
    (4, 4),
    (5, 5),
    (6, 6),
    (7, 7),
    (8, 8),
    (9, 9),
    (10, 10),
    (11, 1),
    (12, 2),
    (13, 3),
    (14, 4),
    (15, 5),
    (16, 6),
    (17, 7),
    (18, 8),
    (19, 9),
    (20, 10);

INSERT INTO `Cookbook` (`cookbookID`,`name`) VALUES 
    (1,"erat. Etiam vestibulum massa rutrum magna."),
    (2,"ornare placerat,"),
    (3,"tortor, dictum eu, acerat eget, venenatis a, magna. Lorem ipsum"),
    (4,"turpis. Nulla aliquet. Proin"),
    (5,"mi tempor lorem, eget mollis lectus pede"),
    (6,"habitant morbi tristique senectus et netus et malesuada fames ac"),
    (7,"ante, iaculis nec, eleifend non,"),
    (8,"a,"),
    (9,"Sed eu nibh vulputate mauris"),
    (10,"ipsum ac mi");

INSERT INTO `CookbookRecipe` (`cookbookID`,`recipeID`) VALUES (1,9),(2,12),(3,3),(4,15),(5,6),(6,11),(7,12),(8,7),(9,10),(10,16);
INSERT INTO `CookbookRecipe` (`cookbookID`,`recipeID`) VALUES (1,15),(2,4),(3,1),(4,9),(5,4),(6,1),(7,17),(8,13),(9,11),(10,14);
INSERT INTO `CookbookRecipe` (`cookbookID`,`recipeID`) VALUES (1,11),(2,15),(3,16),(4,3),(5,12),(6,17),(7,6),(8,17),(9,18),(10,8);

INSERT INTO `Award` (`recipeID`,`awardName`,`year`) VALUES 
    (1,"amet ornare lectus justo",1997),
    (2,"ante dictum cursus. Nunc",1954),
    (3,"egestas lacinia. Sed congue,",1980),
    (4,"nunc nulla vulputate dui,",1952),
    (5,"ac sem ut dolor",2018),
    (6,"Aliquam gravida mauris ut",1970),
    (7,"mollis nec, cursus a,",1977),
    (8,"dictum augue malesuada malesuada.",1990),
    (9,"iaculis, lacus pede sagittis",1984),
    (10,"Etiam imperdiet dictum magna.",1990),
    (11,"consequat auctor, nunc nulla",1955),
    (12,"Donec nibh enim, gravida",1950),
    (13,"lobortis risus. In mi",1975),
    (14,"mollis. Duis sit amet",2019),
    (15,"posuere vulputate, lacus. Cras",1971),
    (16,"ullamcorper viverra. Maecenas iaculis",1976),
    (17,"pede. Praesent eu dui.",1993),
    (18,"convallis convallis dolor. Quisque",1984),
    (19,"facilisis. Suspendisse commodo tincidunt",1966),
    (20,"eleifend, nunc risus varius",1976);
